rep,method,k,k_used,clustered_frac,silhouette,davies_bouldin,calinski_harabasz
behavior+trig,hdbscan_mcs8,2,2,0.979,0.534,0.64,56.7
behavior+trig,hdbscan_mcs12,2,2,0.522,0.415,0.839,89.9
behavior,hdbscan_mcs12,2,2,0.561,0.408,0.847,90.9
behavior,hdbscan_mcs8,2,2,0.696,0.37,0.94,96.7
behavior+trig,gmm,3,3,1.0,0.336,1.573,44.0
behavior+trig,gmm,2,2,1.0,0.307,2.349,25.9
latent_pca8,kmeans,8,8,1.0,0.285,1.324,44.0
behavior+trig,kmeans,8,8,1.0,0.261,1.106,91.3
behavior,kmeans,2,2,1.0,0.26,1.474,118.0
behavior+trig,ward,8,8,1.0,0.26,1.113,86.8
latent_pca8,ward,8,8,1.0,0.258,1.406,38.6
behavior+trig,kmeans,7,7,1.0,0.258,1.092,89.4
behavior+trig,ward,5,5,1.0,0.257,1.045,77.6
behavior+trig,gmm,8,8,1.0,0.256,1.101,84.1
behavior+trig,kmeans,6,6,1.0,0.248,1.08,86.6
behavior,kmeans,4,4,1.0,0.246,1.413,90.9
behavior+trig,ward,7,7,1.0,0.246,1.117,85.4
behavior+trig,kmeans,4,4,1.0,0.246,1.11,80.8
behavior,ward,6,6,1.0,0.245,1.233,76.8
behavior,ward,5,5,1.0,0.244,1.274,80.5
latent_pca8,kmeans,7,7,1.0,0.239,1.467,39.5
behavior,kmeans,6,6,1.0,0.236,1.332,84.0
behavior,ward,7,7,1.0,0.235,1.242,73.2
latent_pca8,gmm,8,8,1.0,0.235,1.415,38.3
behavior,ward,4,4,1.0,0.235,1.428,87.8
behavior+trig,ward,4,4,1.0,0.234,1.173,75.7
behavior,kmeans,5,5,1.0,0.233,1.384,89.7
behavior,kmeans,3,3,1.0,0.232,1.495,98.3
behavior+trig,kmeans,5,5,1.0,0.232,1.192,81.7
latent_pca8,ward,7,7,1.0,0.231,1.552,36.5
behavior+trig,kmeans,3,3,1.0,0.23,1.319,72.7
latent_pca8,gmm,7,7,1.0,0.229,1.552,38.5
behavior,kmeans,7,7,1.0,0.229,1.375,80.9
behavior+trig,ward,6,6,1.0,0.226,1.09,80.3
behavior+trig,gmm,6,6,1.0,0.226,1.166,76.2
behavior+trig,kmeans,2,2,1.0,0.225,1.702,74.9
behavior,kmeans,8,8,1.0,0.222,1.375,77.0
behavior,ward,8,8,1.0,0.221,1.325,71.2
behavior,ward,3,3,1.0,0.217,1.538,92.1
behavior+trig,gmm,5,5,1.0,0.217,1.282,57.9
latent_pca8,gmm,6,6,1.0,0.216,1.607,35.2
behavior,ward,2,2,1.0,0.213,1.541,91.5
behavior+trig,gmm,7,7,1.0,0.21,1.234,69.1
latent_pca8,ward,6,6,1.0,0.21,1.667,34.4
behavior+trig,ward,3,3,1.0,0.209,1.407,66.5
latent_pca8,kmeans,6,6,1.0,0.205,1.627,37.1
behavior+trig,ward,2,2,1.0,0.198,1.826,66.3
latent_pca8,gmm,5,5,1.0,0.195,1.749,34.6
latent_pca8,kmeans,5,5,1.0,0.193,1.903,35.6
latent_pca8,ward,5,5,1.0,0.189,1.864,33.1
latent64,kmeans,8,8,1.0,0.188,2.014,24.1
latent64,ward,8,8,1.0,0.184,2.038,24.3
latent_pca8,kmeans,4,4,1.0,0.179,1.903,35.8
behavior,gmm,6,6,1.0,0.176,1.594,67.7
latent_pca8,gmm,4,4,1.0,0.175,1.943,35.3
latent64,ward,7,7,1.0,0.172,1.995,24.8
behavior,gmm,4,4,1.0,0.172,1.733,60.2
latent64,gmm,7,7,1.0,0.166,2.255,23.5
latent64,kmeans,6,6,1.0,0.164,2.219,26.2
latent_pca8,ward,4,4,1.0,0.164,2.071,32.5
latent64,gmm,6,6,1.0,0.161,2.203,23.6
latent64,kmeans,7,7,1.0,0.16,1.989,24.8
behavior,gmm,5,5,1.0,0.158,1.756,63.1
latent64,kmeans,5,5,1.0,0.158,2.224,28.1
latent64,ward,6,6,1.0,0.157,2.116,25.8
latent64,ward,5,5,1.0,0.155,2.155,27.2
behavior+trig,gmm,4,4,1.0,0.154,1.572,54.5
latent_pca8,kmeans,3,3,1.0,0.153,2.395,33.5
latent64,gmm,8,8,1.0,0.152,2.008,22.2
latent64,kmeans,4,4,1.0,0.15,2.145,32.9
latent64,ward,4,4,1.0,0.137,2.222,29.9
latent64,gmm,3,3,1.0,0.136,2.45,34.9
latent64,gmm,5,5,1.0,0.133,2.453,25.1
latent64,kmeans,2,2,1.0,0.132,2.577,40.8
latent_pca8,ward,3,3,1.0,0.131,2.427,31.2
latent64,ward,3,3,1.0,0.129,2.523,32.3
latent64,kmeans,3,3,1.0,0.129,2.53,35.3
latent_pca8,gmm,3,3,1.0,0.128,2.377,30.3
latent64,gmm,4,4,1.0,0.124,2.444,29.6
latent_pca8,gmm,2,2,1.0,0.124,2.884,32.1
behavior,gmm,2,2,1.0,0.123,2.592,37.3
latent_pca8,kmeans,2,2,1.0,0.122,2.89,32.2
latent_pca8,ward,2,2,1.0,0.114,2.979,30.1
latent64,gmm,2,2,1.0,0.11,3.032,29.7
behavior,gmm,8,8,1.0,0.107,1.613,51.1
latent64,ward,2,2,1.0,0.106,2.741,33.4
windowed17,kmeans,7,7,1.0,0.091,2.644,14.2
behavior,gmm,7,7,1.0,0.087,1.75,42.6
windowed17,kmeans,8,8,1.0,0.087,2.654,13.3
windowed17,kmeans,6,6,1.0,0.085,2.719,15.3
behavior,gmm,3,3,1.0,0.083,2.094,32.2
windowed17,ward,8,8,1.0,0.081,2.671,12.7
windowed17,kmeans,5,5,1.0,0.08,2.883,16.6
windowed17,gmm,5,5,1.0,0.079,2.95,16.3
windowed17,gmm,6,6,1.0,0.079,2.773,15.1
windowed17,gmm,7,7,1.0,0.078,2.908,13.9
windowed17,kmeans,2,2,1.0,0.077,3.417,24.4
windowed17,ward,7,7,1.0,0.077,2.831,13.4
windowed17,gmm,4,4,1.0,0.076,2.98,17.6
windowed17,kmeans,4,4,1.0,0.076,2.98,17.6
windowed17,gmm,2,2,1.0,0.075,3.416,24.3
windowed17,ward,6,6,1.0,0.069,2.946,14.2
windowed17,ward,4,4,1.0,0.068,3.067,15.8
windowed17,ward,3,3,1.0,0.068,3.569,17.5
windowed17,ward,2,2,1.0,0.067,3.512,22.5
windowed17,gmm,3,3,1.0,0.065,3.108,19.9
windowed17,gmm,8,8,1.0,0.065,3.06,11.0
windowed17,kmeans,3,3,1.0,0.065,3.108,19.9
windowed17,ward,5,5,1.0,0.063,3.083,14.9
