date,code_id,code_index,selected_prob,top1_prob,top2_prob,probability_strength,margin_strength,entropy_strength,confidence_strength,dist_to_centroid
2022-01-03,8,5,0.1788,0.1788,0.1443,0.1788,0.0345,0.0454,1.0,7.5455
2022-01-04,8,5,0.1788,0.1788,0.1443,0.1788,0.0345,0.0454,1.0,7.5455
2022-01-05,8,5,0.1788,0.1788,0.1443,0.1788,0.0345,0.0454,1.0,7.5455
2022-01-06,8,5,0.1788,0.1788,0.1443,0.1788,0.0345,0.0454,1.0,7.5455
2022-01-07,8,5,0.1788,0.1788,0.1443,0.1788,0.0345,0.0454,1.0,7.5455
2022-01-10,4,1,0.2207,0.2207,0.1299,0.2207,0.0908,0.0496,1.0,6.6184
2022-01-11,4,1,0.2207,0.2207,0.1299,0.2207,0.0908,0.0496,1.0,6.6184
2022-01-12,4,1,0.2207,0.2207,0.1299,0.2207,0.0908,0.0496,1.0,6.6184
2022-01-13,4,1,0.2207,0.2207,0.1299,0.2207,0.0908,0.0496,1.0,6.6184
2022-01-14,4,1,0.2207,0.2207,0.1299,0.2207,0.0908,0.0496,1.0,6.6184
2022-01-18,4,1,0.2342,0.2342,0.1408,0.2342,0.0935,0.0455,1.0,7.8371
2022-01-19,4,1,0.2342,0.2342,0.1408,0.2342,0.0935,0.0455,1.0,7.8371
2022-01-20,4,1,0.2342,0.2342,0.1408,0.2342,0.0935,0.0455,1.0,7.8371
2022-01-21,4,1,0.2342,0.2342,0.1408,0.2342,0.0935,0.0455,1.0,7.8371
2022-01-24,0,0,0.2427,0.2427,0.1548,0.2427,0.0879,0.0604,1.0,9.0084
2022-01-25,0,0,0.1785,0.1785,0.1571,0.1785,0.0214,0.0392,1.0,8.9091
2022-01-26,0,0,0.2066,0.2066,0.1223,0.2066,0.0843,0.0344,1.0,4.6643
2022-01-27,0,0,0.2066,0.2066,0.1223,0.2066,0.0843,0.0344,1.0,4.6643
2022-01-28,0,0,0.2066,0.2066,0.1223,0.2066,0.0843,0.0344,1.0,4.6643
2022-01-31,0,0,0.2066,0.2066,0.1223,0.2066,0.0843,0.0344,1.0,4.6643
2022-02-01,0,0,0.2066,0.2066,0.1223,0.2066,0.0843,0.0344,1.0,4.6643
2022-02-02,2,6,0.2689,0.2689,0.1167,0.2689,0.1523,0.0603,1.0,6.1828
2022-02-03,2,6,0.2689,0.2689,0.1167,0.2689,0.1523,0.0603,1.0,6.1828
2022-02-04,2,6,0.2689,0.2689,0.1167,0.2689,0.1523,0.0603,1.0,6.1828
2022-02-07,2,6,0.2689,0.2689,0.1167,0.2689,0.1523,0.0603,1.0,6.1828
2022-02-08,2,6,0.2689,0.2689,0.1167,0.2689,0.1523,0.0603,1.0,6.1828
2022-02-09,2,6,0.2012,0.2012,0.1326,0.2012,0.0686,0.04,1.0,5.514
2022-02-10,2,6,0.2012,0.2012,0.1326,0.2012,0.0686,0.04,1.0,5.514
2022-02-11,2,6,0.2012,0.2012,0.1326,0.2012,0.0686,0.04,1.0,5.514
2022-02-14,2,6,0.2012,0.2012,0.1326,0.2012,0.0686,0.04,1.0,5.514
2022-02-15,2,6,0.2012,0.2012,0.1326,0.2012,0.0686,0.04,1.0,5.514
2022-02-16,4,1,0.1736,0.1736,0.1401,0.1736,0.0335,0.034,1.0,5.909
2022-02-17,4,1,0.1736,0.1736,0.1401,0.1736,0.0335,0.034,1.0,5.909
2022-02-18,4,1,0.1736,0.1736,0.1401,0.1736,0.0335,0.034,1.0,5.909
2022-02-22,4,1,0.1736,0.1736,0.1401,0.1736,0.0335,0.034,1.0,5.909
2022-02-23,4,1,0.1736,0.1736,0.1401,0.1736,0.0335,0.034,1.0,5.909
2022-02-24,0,0,0.2181,0.2181,0.1491,0.2181,0.069,0.0509,1.0,6.8111
2022-02-25,0,0,0.2181,0.2181,0.1491,0.2181,0.069,0.0509,1.0,6.8111
2022-02-28,0,0,0.2181,0.2181,0.1491,0.2181,0.069,0.0509,1.0,6.8111
2022-03-01,0,0,0.2181,0.2181,0.1491,0.2181,0.069,0.0509,1.0,6.8111
2022-03-02,0,0,0.2181,0.2181,0.1491,0.2181,0.069,0.0509,1.0,6.8111
2022-03-03,0,0,0.1658,0.1658,0.1314,0.1658,0.0344,0.0278,1.0,7.4545
2022-03-04,0,0,0.1658,0.1658,0.1314,0.1658,0.0344,0.0278,1.0,7.4545
2022-03-07,0,0,0.1658,0.1658,0.1314,0.1658,0.0344,0.0278,1.0,7.4545
2022-03-08,0,0,0.1658,0.1658,0.1314,0.1658,0.0344,0.0278,1.0,7.4545
2022-03-09,0,0,0.1658,0.1658,0.1314,0.1658,0.0344,0.0278,1.0,7.4545
2022-03-10,0,0,0.2042,0.2042,0.1457,0.2042,0.0584,0.045,1.0,5.4414
2022-03-11,0,0,0.2042,0.2042,0.1457,0.2042,0.0584,0.045,1.0,5.4414
2022-03-14,0,0,0.2042,0.2042,0.1457,0.2042,0.0584,0.045,1.0,5.4414
2022-03-15,0,0,0.2042,0.2042,0.1457,0.2042,0.0584,0.045,1.0,5.4414
2022-03-16,0,0,0.2042,0.2042,0.1457,0.2042,0.0584,0.045,1.0,5.4414
2022-03-17,2,6,0.2966,0.2966,0.1227,0.2966,0.1739,0.0825,1.0,4.4147
2022-03-18,2,6,0.2966,0.2966,0.1227,0.2966,0.1739,0.0825,1.0,4.4147
2022-03-21,2,6,0.2966,0.2966,0.1227,0.2966,0.1739,0.0825,1.0,4.4147
2022-03-22,2,6,0.2966,0.2966,0.1227,0.2966,0.1739,0.0825,1.0,4.4147
2022-03-23,2,6,0.2966,0.2966,0.1227,0.2966,0.1739,0.0825,1.0,4.4147
2022-03-24,8,5,0.1717,0.1717,0.1366,0.1717,0.0351,0.0341,1.0,5.1703
2022-03-25,8,5,0.1717,0.1717,0.1366,0.1717,0.0351,0.0341,1.0,5.1703
2022-03-28,8,5,0.1717,0.1717,0.1366,0.1717,0.0351,0.0341,1.0,5.1703
2022-03-29,8,5,0.1717,0.1717,0.1366,0.1717,0.0351,0.0341,1.0,5.1703
2022-03-30,4,1,0.1601,0.1601,0.1432,0.1601,0.0169,0.0287,1.0,8.2719
2022-03-31,4,1,0.1601,0.1601,0.1432,0.1601,0.0169,0.0287,1.0,8.2719
2022-04-01,4,1,0.1601,0.1601,0.1432,0.1601,0.0169,0.0287,1.0,8.2719
2022-04-04,4,1,0.1601,0.1601,0.1432,0.1601,0.0169,0.0287,1.0,8.2719
2022-04-05,4,1,0.1601,0.1601,0.1432,0.1601,0.0169,0.0287,1.0,8.2719
2022-04-06,4,1,0.2055,0.2055,0.1381,0.2055,0.0674,0.0412,1.0,4.5568
2022-04-07,4,1,0.2055,0.2055,0.1381,0.2055,0.0674,0.0412,1.0,4.5568
2022-04-08,4,1,0.2055,0.2055,0.1381,0.2055,0.0674,0.0412,1.0,4.5568
2022-04-11,4,1,0.2055,0.2055,0.1381,0.2055,0.0674,0.0412,1.0,4.5568
2022-04-12,4,1,0.2055,0.2055,0.1381,0.2055,0.0674,0.0412,1.0,4.5568
2022-04-13,8,5,0.1766,0.1766,0.1416,0.1766,0.035,0.0334,1.0,5.547
2022-04-14,8,5,0.1766,0.1766,0.1416,0.1766,0.035,0.0334,1.0,5.547
2022-04-18,8,5,0.1766,0.1766,0.1416,0.1766,0.035,0.0334,1.0,5.547
2022-04-19,8,5,0.1766,0.1766,0.1416,0.1766,0.035,0.0334,1.0,5.547
2022-04-20,8,5,0.1766,0.1766,0.1416,0.1766,0.035,0.0334,1.0,5.547
2022-04-21,4,1,0.1956,0.1956,0.1508,0.1956,0.0449,0.0344,1.0,5.9887
2022-04-22,4,1,0.1956,0.1956,0.1508,0.1956,0.0449,0.0344,1.0,5.9887
2022-04-25,4,1,0.1956,0.1956,0.1508,0.1956,0.0449,0.0344,1.0,5.9887
2022-04-26,4,1,0.1956,0.1956,0.1508,0.1956,0.0449,0.0344,1.0,5.9887
2022-04-27,0,0,0.197,0.197,0.1389,0.197,0.0581,0.0305,1.0,6.3438
2022-04-28,0,0,0.1983,0.1983,0.1372,0.1983,0.0611,0.0395,1.0,7.4229
2022-04-29,0,0,0.1983,0.1983,0.1372,0.1983,0.0611,0.0395,1.0,7.4229
2022-05-02,0,0,0.1983,0.1983,0.1372,0.1983,0.0611,0.0395,1.0,7.4229
2022-05-03,0,0,0.1983,0.1983,0.1372,0.1983,0.0611,0.0395,1.0,7.4229
2022-05-04,0,0,0.1983,0.1983,0.1372,0.1983,0.0611,0.0395,1.0,7.4229
2022-05-05,5,3,0.299,0.299,0.1519,0.299,0.1471,0.0788,1.0,6.3569
2022-05-06,5,3,0.299,0.299,0.1519,0.299,0.1471,0.0788,1.0,6.3569
2022-05-09,5,3,0.299,0.299,0.1519,0.299,0.1471,0.0788,1.0,6.3569
2022-05-10,5,3,0.299,0.299,0.1519,0.299,0.1471,0.0788,1.0,6.3569
2022-05-11,5,3,0.299,0.299,0.1519,0.299,0.1471,0.0788,1.0,6.3569
2022-05-12,0,0,0.2448,0.2448,0.124,0.2448,0.1208,0.0563,1.0,5.0363
2022-05-13,0,0,0.2448,0.2448,0.124,0.2448,0.1208,0.0563,1.0,5.0363
2022-05-16,0,0,0.2448,0.2448,0.124,0.2448,0.1208,0.0563,1.0,5.0363
2022-05-17,0,0,0.2448,0.2448,0.124,0.2448,0.1208,0.0563,1.0,5.0363
2022-05-18,5,3,0.2628,0.2628,0.1357,0.2628,0.1271,0.0595,1.0,4.6434
2022-05-19,5,3,0.2628,0.2628,0.1357,0.2628,0.1271,0.0595,1.0,4.6434
2022-05-20,5,3,0.2628,0.2628,0.1357,0.2628,0.1271,0.0595,1.0,4.6434
2022-05-23,5,3,0.2628,0.2628,0.1357,0.2628,0.1271,0.0595,1.0,4.6434
2022-05-24,5,3,0.2628,0.2628,0.1357,0.2628,0.1271,0.0595,1.0,4.6434
2022-05-25,2,6,0.1821,0.1821,0.1409,0.1821,0.0412,0.0399,1.0,5.9147
2022-05-26,2,6,0.1821,0.1821,0.1409,0.1821,0.0412,0.0399,1.0,5.9147
2022-05-27,2,6,0.2851,0.2851,0.1519,0.2851,0.1332,0.0932,1.0,6.0811
2022-05-31,2,6,0.2851,0.2851,0.1519,0.2851,0.1332,0.0932,1.0,6.0811
2022-06-01,2,6,0.2851,0.2851,0.1519,0.2851,0.1332,0.0932,1.0,6.0811
2022-06-02,2,6,0.2851,0.2851,0.1519,0.2851,0.1332,0.0932,1.0,6.0811
2022-06-03,2,6,0.2851,0.2851,0.1519,0.2851,0.1332,0.0932,1.0,6.0811
2022-06-06,1,2,0.2027,0.2027,0.1307,0.2027,0.0719,0.0384,1.0,4.8141
2022-06-07,1,2,0.2027,0.2027,0.1307,0.2027,0.0719,0.0384,1.0,4.8141
2022-06-08,1,2,0.2027,0.2027,0.1307,0.2027,0.0719,0.0384,1.0,4.8141
2022-06-09,1,2,0.2027,0.2027,0.1307,0.2027,0.0719,0.0384,1.0,4.8141
2022-06-10,1,2,0.2027,0.2027,0.1307,0.2027,0.0719,0.0384,1.0,4.8141
2022-06-13,5,3,0.2233,0.2233,0.1676,0.2233,0.0557,0.055,1.0,8.4794
2022-06-14,0,0,0.1941,0.1941,0.1388,0.1941,0.0553,0.0402,1.0,5.9735
2022-06-15,0,0,0.1941,0.1941,0.1388,0.1941,0.0553,0.0402,1.0,5.9735
2022-06-16,0,0,0.1941,0.1941,0.1388,0.1941,0.0553,0.0402,1.0,5.9735
2022-06-17,0,0,0.1941,0.1941,0.1388,0.1941,0.0553,0.0402,1.0,5.9735
2022-06-21,0,0,0.1941,0.1941,0.1388,0.1941,0.0553,0.0402,1.0,5.9735
2022-06-22,0,0,0.1997,0.1997,0.1474,0.1997,0.0523,0.0417,1.0,6.9011
2022-06-23,0,0,0.1997,0.1997,0.1474,0.1997,0.0523,0.0417,1.0,6.9011
2022-06-24,0,0,0.1997,0.1997,0.1474,0.1997,0.0523,0.0417,1.0,6.9011
2022-06-27,0,0,0.1997,0.1997,0.1474,0.1997,0.0523,0.0417,1.0,6.9011
2022-06-28,5,3,0.225,0.225,0.1333,0.225,0.0917,0.0414,1.0,3.9558
2022-06-29,5,3,0.225,0.225,0.1333,0.225,0.0917,0.0414,1.0,3.9558
2022-06-30,5,3,0.225,0.225,0.1333,0.225,0.0917,0.0414,1.0,3.9558
2022-07-01,5,3,0.225,0.225,0.1333,0.225,0.0917,0.0414,1.0,3.9558
2022-07-05,5,3,0.225,0.225,0.1333,0.225,0.0917,0.0414,1.0,3.9558
2022-07-06,1,2,0.178,0.178,0.1475,0.178,0.0305,0.0373,1.0,6.6217
2022-07-07,1,2,0.178,0.178,0.1475,0.178,0.0305,0.0373,1.0,6.6217
2022-07-08,1,2,0.178,0.178,0.1475,0.178,0.0305,0.0373,1.0,6.6217
2022-07-11,1,2,0.178,0.178,0.1475,0.178,0.0305,0.0373,1.0,6.6217
2022-07-12,1,2,0.178,0.178,0.1475,0.178,0.0305,0.0373,1.0,6.6217
2022-07-13,0,0,0.1721,0.1721,0.1467,0.1721,0.0254,0.0331,1.0,4.8286
2022-07-14,0,0,0.1721,0.1721,0.1467,0.1721,0.0254,0.0331,1.0,4.8286
2022-07-15,0,0,0.1721,0.1721,0.1467,0.1721,0.0254,0.0331,1.0,4.8286
2022-07-18,0,0,0.1721,0.1721,0.1467,0.1721,0.0254,0.0331,1.0,4.8286
2022-07-19,0,0,0.1721,0.1721,0.1467,0.1721,0.0254,0.0331,1.0,4.8286
2022-07-20,8,5,0.1511,0.1511,0.1381,0.1511,0.013,0.0255,1.0,6.8687
2022-07-21,8,5,0.1511,0.1511,0.1381,0.1511,0.013,0.0255,1.0,6.8687
2022-07-22,7,4,0.1913,0.1913,0.139,0.1913,0.0523,0.0253,1.0,7.8625
2022-07-25,7,4,0.1913,0.1913,0.139,0.1913,0.0523,0.0253,1.0,7.8625
2022-07-26,7,4,0.1913,0.1913,0.139,0.1913,0.0523,0.0253,1.0,7.8625
2022-07-27,7,4,0.1913,0.1913,0.139,0.1913,0.0523,0.0253,1.0,7.8625
2022-07-28,7,4,0.1913,0.1913,0.139,0.1913,0.0523,0.0253,1.0,7.8625
2022-07-29,8,5,0.2236,0.2236,0.1574,0.2236,0.0662,0.0478,1.0,6.5899
2022-08-01,8,5,0.2236,0.2236,0.1574,0.2236,0.0662,0.0478,1.0,6.5899
2022-08-02,8,5,0.2236,0.2236,0.1574,0.2236,0.0662,0.0478,1.0,6.5899
2022-08-03,8,5,0.2236,0.2236,0.1574,0.2236,0.0662,0.0478,1.0,6.5899
2022-08-04,8,5,0.2236,0.2236,0.1574,0.2236,0.0662,0.0478,1.0,6.5899
2022-08-05,1,2,0.1855,0.1855,0.1498,0.1855,0.0357,0.0462,1.0,6.0919
2022-08-08,1,2,0.1855,0.1855,0.1498,0.1855,0.0357,0.0462,1.0,6.0919
2022-08-09,1,2,0.1855,0.1855,0.1498,0.1855,0.0357,0.0462,1.0,6.0919
2022-08-10,1,2,0.1855,0.1855,0.1498,0.1855,0.0357,0.0462,1.0,6.0919
2022-08-11,1,2,0.1855,0.1855,0.1498,0.1855,0.0357,0.0462,1.0,6.0919
2022-08-12,7,4,0.165,0.165,0.1545,0.165,0.0105,0.036,1.0,6.9284
2022-08-15,7,4,0.165,0.165,0.1545,0.165,0.0105,0.036,1.0,6.9284
2022-08-16,3,7,0.2158,0.2158,0.1563,0.2158,0.0595,0.0497,1.0,6.1008
2022-08-17,3,7,0.2158,0.2158,0.1563,0.2158,0.0595,0.0497,1.0,6.1008
2022-08-18,3,7,0.2158,0.2158,0.1563,0.2158,0.0595,0.0497,1.0,6.1008
2022-08-19,3,7,0.2158,0.2158,0.1563,0.2158,0.0595,0.0497,1.0,6.1008
2022-08-22,3,7,0.2158,0.2158,0.1563,0.2158,0.0595,0.0497,1.0,6.1008
2022-08-23,4,1,0.1882,0.1882,0.1343,0.1882,0.0538,0.0398,1.0,5.0674
2022-08-24,4,1,0.1882,0.1882,0.1343,0.1882,0.0538,0.0398,1.0,5.0674
2022-08-25,4,1,0.1882,0.1882,0.1343,0.1882,0.0538,0.0398,1.0,5.0674
2022-08-26,4,1,0.1882,0.1882,0.1343,0.1882,0.0538,0.0398,1.0,5.0674
2022-08-29,4,1,0.1882,0.1882,0.1343,0.1882,0.0538,0.0398,1.0,5.0674
2022-08-30,0,0,0.1926,0.1926,0.1473,0.1926,0.0453,0.0392,1.0,4.7672
2022-08-31,0,0,0.1926,0.1926,0.1473,0.1926,0.0453,0.0392,1.0,4.7672
2022-09-01,0,0,0.1926,0.1926,0.1473,0.1926,0.0453,0.0392,1.0,4.7672
2022-09-02,0,0,0.1926,0.1926,0.1473,0.1926,0.0453,0.0392,1.0,4.7672
2022-09-06,0,0,0.1926,0.1926,0.1473,0.1926,0.0453,0.0392,1.0,4.7672
2022-09-07,0,0,0.1982,0.1982,0.1301,0.1982,0.0681,0.0383,1.0,4.2001
2022-09-08,0,0,0.1982,0.1982,0.1301,0.1982,0.0681,0.0383,1.0,4.2001
2022-09-09,0,0,0.1982,0.1982,0.1301,0.1982,0.0681,0.0383,1.0,4.2001
2022-09-12,0,0,0.1982,0.1982,0.1301,0.1982,0.0681,0.0383,1.0,4.2001
2022-09-13,0,0,0.1982,0.1982,0.1301,0.1982,0.0681,0.0383,1.0,4.2001
2022-09-14,0,0,0.2086,0.2086,0.1376,0.2086,0.071,0.0428,1.0,4.0654
2022-09-15,0,0,0.2086,0.2086,0.1376,0.2086,0.071,0.0428,1.0,4.0654
2022-09-16,0,0,0.2086,0.2086,0.1376,0.2086,0.071,0.0428,1.0,4.0654
2022-09-19,0,0,0.2086,0.2086,0.1376,0.2086,0.071,0.0428,1.0,4.0654
2022-09-20,0,0,0.2086,0.2086,0.1376,0.2086,0.071,0.0428,1.0,4.0654
2022-09-21,5,3,0.2268,0.2268,0.1792,0.2268,0.0476,0.0555,1.0,6.1106
2022-09-22,5,3,0.2268,0.2268,0.1792,0.2268,0.0476,0.0555,1.0,6.1106
2022-09-23,5,3,0.2268,0.2268,0.1792,0.2268,0.0476,0.0555,1.0,6.1106
2022-09-26,5,3,0.2268,0.2268,0.1792,0.2268,0.0476,0.0555,1.0,6.1106
2022-09-27,5,3,0.2268,0.2268,0.1792,0.2268,0.0476,0.0555,1.0,6.1106
2022-09-28,0,0,0.2346,0.2346,0.1321,0.2346,0.1025,0.0519,1.0,5.4381
2022-09-29,0,0,0.2346,0.2346,0.1321,0.2346,0.1025,0.0519,1.0,5.4381
2022-09-30,0,0,0.2346,0.2346,0.1321,0.2346,0.1025,0.0519,1.0,5.4381
2022-10-03,0,0,0.2346,0.2346,0.1321,0.2346,0.1025,0.0519,1.0,5.4381
2022-10-04,0,0,0.2346,0.2346,0.1321,0.2346,0.1025,0.0519,1.0,5.4381
2022-10-05,1,2,0.1909,0.1909,0.1381,0.1909,0.0528,0.0379,1.0,5.2423
2022-10-06,1,2,0.1909,0.1909,0.1381,0.1909,0.0528,0.0379,1.0,5.2423
2022-10-07,1,2,0.1909,0.1909,0.1381,0.1909,0.0528,0.0379,1.0,5.2423
2022-10-10,1,2,0.1909,0.1909,0.1381,0.1909,0.0528,0.0379,1.0,5.2423
2022-10-11,1,2,0.1909,0.1909,0.1381,0.1909,0.0528,0.0379,1.0,5.2423
2022-10-12,0,0,0.1992,0.1992,0.135,0.1992,0.0642,0.0388,1.0,4.2064
2022-10-13,0,0,0.1992,0.1992,0.135,0.1992,0.0642,0.0388,1.0,4.2064
2022-10-14,0,0,0.1992,0.1992,0.135,0.1992,0.0642,0.0388,1.0,4.2064
2022-10-17,0,0,0.1992,0.1992,0.135,0.1992,0.0642,0.0388,1.0,4.2064
2022-10-18,0,0,0.1992,0.1992,0.135,0.1992,0.0642,0.0388,1.0,4.2064
2022-10-19,5,3,0.1446,0.1446,0.1367,0.1446,0.0078,0.0234,1.0,7.8164
2022-10-20,5,3,0.1446,0.1446,0.1367,0.1446,0.0078,0.0234,1.0,7.8164
2022-10-21,5,3,0.1446,0.1446,0.1367,0.1446,0.0078,0.0234,1.0,7.8164
2022-10-24,5,3,0.1446,0.1446,0.1367,0.1446,0.0078,0.0234,1.0,7.8164
2022-10-25,5,3,0.1446,0.1446,0.1367,0.1446,0.0078,0.0234,1.0,7.8164
2022-10-26,8,5,0.2141,0.2141,0.1375,0.2141,0.0766,0.0405,1.0,6.3992
2022-10-27,8,5,0.2141,0.2141,0.1375,0.2141,0.0766,0.0405,1.0,6.3992
2022-10-28,8,5,0.2141,0.2141,0.1375,0.2141,0.0766,0.0405,1.0,6.3992
2022-10-31,8,5,0.2141,0.2141,0.1375,0.2141,0.0766,0.0405,1.0,6.3992
2022-11-01,8,5,0.2141,0.2141,0.1375,0.2141,0.0766,0.0405,1.0,6.3992
2022-11-02,5,3,0.1688,0.1688,0.1557,0.1688,0.0131,0.0257,1.0,7.2426
2022-11-03,5,3,0.1688,0.1688,0.1557,0.1688,0.0131,0.0257,1.0,7.2426
2022-11-04,5,3,0.1688,0.1688,0.1557,0.1688,0.0131,0.0257,1.0,7.2426
2022-11-07,5,3,0.1688,0.1688,0.1557,0.1688,0.0131,0.0257,1.0,7.2426
2022-11-08,5,3,0.1688,0.1688,0.1557,0.1688,0.0131,0.0257,1.0,7.2426
2022-11-09,4,1,0.1577,0.1577,0.1439,0.1577,0.0138,0.0257,1.0,7.2236
2022-11-10,4,1,0.1577,0.1577,0.1439,0.1577,0.0138,0.0257,1.0,7.2236
2022-11-11,4,1,0.1577,0.1577,0.1439,0.1577,0.0138,0.0257,1.0,7.2236
2022-11-14,1,2,0.1861,0.1861,0.1461,0.1861,0.04,0.0387,1.0,7.4641
2022-11-15,1,2,0.1861,0.1861,0.1461,0.1861,0.04,0.0387,1.0,7.4641
2022-11-16,1,2,0.1861,0.1861,0.1461,0.1861,0.04,0.0387,1.0,7.4641
2022-11-17,1,2,0.1861,0.1861,0.1461,0.1861,0.04,0.0387,1.0,7.4641
2022-11-18,1,2,0.1861,0.1861,0.1461,0.1861,0.04,0.0387,1.0,7.4641
2022-11-21,1,2,0.1624,0.1624,0.1475,0.1624,0.0149,0.0348,1.0,7.0783
2022-11-22,1,2,0.1624,0.1624,0.1475,0.1624,0.0149,0.0348,1.0,7.0783
2022-11-23,1,2,0.1624,0.1624,0.1475,0.1624,0.0149,0.0348,1.0,7.0783
2022-11-25,7,4,0.1762,0.1762,0.153,0.1762,0.0232,0.0355,1.0,6.9353
2022-11-28,7,4,0.1762,0.1762,0.153,0.1762,0.0232,0.0355,1.0,6.9353
2022-11-29,7,4,0.1762,0.1762,0.153,0.1762,0.0232,0.0355,1.0,6.9353
2022-11-30,7,4,0.1762,0.1762,0.153,0.1762,0.0232,0.0355,1.0,6.9353
2022-12-01,7,4,0.1762,0.1762,0.153,0.1762,0.0232,0.0355,1.0,6.9353
2022-12-02,7,4,0.2029,0.2029,0.1324,0.2029,0.0705,0.0384,1.0,4.9621
2022-12-05,7,4,0.2029,0.2029,0.1324,0.2029,0.0705,0.0384,1.0,4.9621
2022-12-06,7,4,0.2029,0.2029,0.1324,0.2029,0.0705,0.0384,1.0,4.9621
2022-12-07,7,4,0.2029,0.2029,0.1324,0.2029,0.0705,0.0384,1.0,4.9621
2022-12-08,7,4,0.2029,0.2029,0.1324,0.2029,0.0705,0.0384,1.0,4.9621
2022-12-09,4,1,0.163,0.163,0.1509,0.163,0.0121,0.0256,1.0,6.7774
2022-12-12,4,1,0.163,0.163,0.1509,0.163,0.0121,0.0256,1.0,6.7774
2022-12-13,4,1,0.163,0.163,0.1509,0.163,0.0121,0.0256,1.0,6.7774
2022-12-14,4,1,0.163,0.163,0.1509,0.163,0.0121,0.0256,1.0,6.7774
2022-12-15,4,1,0.163,0.163,0.1509,0.163,0.0121,0.0256,1.0,6.7774
2022-12-16,0,0,0.2135,0.2135,0.1282,0.2135,0.0853,0.0352,1.0,5.5541
2022-12-19,0,0,0.2135,0.2135,0.1282,0.2135,0.0853,0.0352,1.0,5.5541
2022-12-20,0,0,0.2135,0.2135,0.1282,0.2135,0.0853,0.0352,1.0,5.5541
2022-12-21,0,0,0.2135,0.2135,0.1282,0.2135,0.0853,0.0352,1.0,5.5541
2022-12-22,0,0,0.2135,0.2135,0.1282,0.2135,0.0853,0.0352,1.0,5.5541
2022-12-23,1,2,0.1985,0.1985,0.1406,0.1985,0.0578,0.042,1.0,5.5734
2022-12-27,1,2,0.1985,0.1985,0.1406,0.1985,0.0578,0.042,1.0,5.5734
2022-12-28,1,2,0.1985,0.1985,0.1406,0.1985,0.0578,0.042,1.0,5.5734
2022-12-29,1,2,0.1985,0.1985,0.1406,0.1985,0.0578,0.042,1.0,5.5734
2022-12-30,1,2,0.1985,0.1985,0.1406,0.1985,0.0578,0.042,1.0,5.5734
2023-01-03,0,0,0.1762,0.1762,0.1303,0.1762,0.0459,0.0305,1.0,7.3908
2023-01-04,0,0,0.1762,0.1762,0.1303,0.1762,0.0459,0.0305,1.0,7.3908
2023-01-05,0,0,0.1762,0.1762,0.1303,0.1762,0.0459,0.0305,1.0,7.3908
2023-01-06,0,0,0.1762,0.1762,0.1303,0.1762,0.0459,0.0305,1.0,7.3908
2023-01-09,0,0,0.1762,0.1762,0.1303,0.1762,0.0459,0.0305,1.0,7.3908
2023-01-10,3,7,0.183,0.183,0.1406,0.183,0.0424,0.0391,1.0,5.8985
2023-01-11,3,7,0.183,0.183,0.1406,0.183,0.0424,0.0391,1.0,5.8985
2023-01-12,3,7,0.183,0.183,0.1406,0.183,0.0424,0.0391,1.0,5.8985
2023-01-13,3,7,0.183,0.183,0.1406,0.183,0.0424,0.0391,1.0,5.8985
2023-01-17,3,7,0.183,0.183,0.1406,0.183,0.0424,0.0391,1.0,5.8985
2023-01-18,6,8,0.4392,0.4392,0.1087,0.4392,0.3305,0.1692,1.0,0.0
2023-01-19,6,8,0.4392,0.4392,0.1087,0.4392,0.3305,0.1692,1.0,0.0
2023-01-20,6,8,0.4392,0.4392,0.1087,0.4392,0.3305,0.1692,1.0,0.0
2023-01-23,6,8,0.4392,0.4392,0.1087,0.4392,0.3305,0.1692,1.0,0.0
2023-01-24,6,8,0.4392,0.4392,0.1087,0.4392,0.3305,0.1692,1.0,0.0
2023-01-25,3,7,0.2187,0.2187,0.1425,0.2187,0.0763,0.0436,1.0,5.0024
2023-01-26,3,7,0.2187,0.2187,0.1425,0.2187,0.0763,0.0436,1.0,5.0024
2023-01-27,3,7,0.2187,0.2187,0.1425,0.2187,0.0763,0.0436,1.0,5.0024
2023-01-30,3,7,0.2187,0.2187,0.1425,0.2187,0.0763,0.0436,1.0,5.0024
2023-01-31,3,7,0.2187,0.2187,0.1425,0.2187,0.0763,0.0436,1.0,5.0024
2023-02-01,7,4,0.1886,0.1886,0.1318,0.1886,0.0568,0.0243,1.0,6.9795
2023-02-02,7,4,0.1886,0.1886,0.1318,0.1886,0.0568,0.0243,1.0,6.9795
2023-02-03,7,4,0.1886,0.1886,0.1318,0.1886,0.0568,0.0243,1.0,6.9795
2023-02-06,7,4,0.1886,0.1886,0.1318,0.1886,0.0568,0.0243,1.0,6.9795
2023-02-07,7,4,0.1886,0.1886,0.1318,0.1886,0.0568,0.0243,1.0,6.9795
2023-02-08,7,4,0.1987,0.1987,0.1368,0.1987,0.0619,0.026,1.0,7.7821
2023-02-09,7,4,0.1987,0.1987,0.1368,0.1987,0.0619,0.026,1.0,7.7821
2023-02-10,7,4,0.1987,0.1987,0.1368,0.1987,0.0619,0.026,1.0,7.7821
2023-02-13,7,4,0.1987,0.1987,0.1368,0.1987,0.0619,0.026,1.0,7.7821
2023-02-14,7,4,0.1987,0.1987,0.1368,0.1987,0.0619,0.026,1.0,7.7821
2023-02-15,3,7,0.227,0.227,0.1432,0.227,0.0837,0.0475,1.0,5.2031
2023-02-16,3,7,0.227,0.227,0.1432,0.227,0.0837,0.0475,1.0,5.2031
2023-02-17,3,7,0.227,0.227,0.1432,0.227,0.0837,0.0475,1.0,5.2031
2023-02-21,3,7,0.227,0.227,0.1432,0.227,0.0837,0.0475,1.0,5.2031
2023-02-22,3,7,0.227,0.227,0.1432,0.227,0.0837,0.0475,1.0,5.2031
2023-02-23,0,0,0.1777,0.1777,0.1464,0.1777,0.0313,0.0266,1.0,7.2577
2023-02-24,0,0,0.1777,0.1777,0.1464,0.1777,0.0313,0.0266,1.0,7.2577
2023-02-27,0,0,0.1777,0.1777,0.1464,0.1777,0.0313,0.0266,1.0,7.2577
